avg_requests,avg_errors,avg_successful_requests,avg_error_rate,avg_latency_ms,system_state
157.35,4.433333333333334,152.91666666666666,0.026486148644015068,33.711553842122015,STABLE
